mois,PR_AUC,nb_fraudes,nb_transactions
2004-05,0.17667356308503615,943,170161
2004-06,0.2577666660792028,1077,153827
